{
    "1000": {
        "mock": 1000,
        "total": 1012,
        "iters": 60,
        "seed_ms": 60.7,
        "tests": {
            "T1": {
                "label": "Tìm kiếm & Lọc (LIKE %A0%)",
                "dbonly": 0.0007006833333333334,
                "full_mvc": 0.0008692600000000001,
                "full_mvp": 0.0011705633333333333,
                "php_mvc": 0.00016857666666666668,
                "php_mvp": 0.0004698799999999999,
                "mem_mvc": 2048,
                "mem_mvp": 2048
            },
            "T2": {
                "label": "Render & Định dạng (toàn bộ bản ghi)",
                "dbonly": 0.0024474116666666668,
                "full_mvc": 0.006250871666666667,
                "full_mvp": 0.005998485,
                "php_mvc": 0.0038034600000000003,
                "php_mvp": 0.003551073333333333,
                "mem_mvc": 2048,
                "mem_mvp": 4096
            },
            "T3": {
                "label": "Phân nhóm & Thống kê (GROUP BY typeName)",
                "dbonly": 0.00231708,
                "full_mvc": 0.002530423333333333,
                "full_mvp": 0.003748845,
                "php_mvc": 0.0002133433333333331,
                "php_mvp": 0.0014317650000000002,
                "mem_mvc": 4096,
                "mem_mvp": 4096
            },
            "T4": {
                "label": "Sắp xếp & Phân trang (ORDER BY + LIMIT\/OFFSET)",
                "dbonly": 0.0004695016666666667,
                "full_mvc": 0.0005042233333333333,
                "full_mvp": 0.0007925266666666666,
                "php_mvc": 3.472166666666662e-5,
                "php_mvp": 0.00032302499999999995,
                "mem_mvc": 4096,
                "mem_mvp": 4096
            }
        }
    },
    "5000": {
        "mock": 5000,
        "total": 5012,
        "iters": 40,
        "seed_ms": 97.8,
        "tests": {
            "T1": {
                "label": "Tìm kiếm & Lọc (LIKE %A0%)",
                "dbonly": 0.0024560025,
                "full_mvc": 0.0032422899999999997,
                "full_mvp": 0.00296684,
                "php_mvc": 0.0007862874999999998,
                "php_mvp": 0.0005108375000000003,
                "mem_mvc": 2048,
                "mem_mvp": 2048
            },
            "T2": {
                "label": "Render & Định dạng (toàn bộ bản ghi)",
                "dbonly": 0.0111576675,
                "full_mvc": 0.029141157499999997,
                "full_mvp": 0.031524395,
                "php_mvc": 0.017983489999999998,
                "php_mvp": 0.020366727499999997,
                "mem_mvc": 4096,
                "mem_mvp": 10240
            },
            "T3": {
                "label": "Phân nhóm & Thống kê (GROUP BY typeName)",
                "dbonly": 0.008323895000000001,
                "full_mvc": 0.0106685325,
                "full_mvp": 0.013734004999999999,
                "php_mvc": 0.002344637499999998,
                "php_mvp": 0.0054101099999999975,
                "mem_mvc": 10240,
                "mem_mvp": 10240
            },
            "T4": {
                "label": "Sắp xếp & Phân trang (ORDER BY + LIMIT\/OFFSET)",
                "dbonly": 0.0022366275000000003,
                "full_mvc": 0.0024030325,
                "full_mvp": 0.0032539525,
                "php_mvc": 0.00016640499999999968,
                "php_mvp": 0.0010173249999999995,
                "mem_mvc": 10240,
                "mem_mvp": 10240
            }
        }
    },
    "50000": {
        "mock": 50000,
        "total": 50012,
        "iters": 15,
        "seed_ms": 829.9,
        "tests": {
            "T1": {
                "label": "Tìm kiếm & Lọc (LIKE %A0%)",
                "dbonly": 0.0390731,
                "full_mvc": 0.04684343333333333,
                "full_mvp": 0.04586364,
                "php_mvc": 0.0077703333333333305,
                "php_mvp": 0.006790539999999998,
                "mem_mvc": 4096,
                "mem_mvp": 4096
            },
            "T2": {
                "label": "Render & Định dạng (toàn bộ bản ghi)",
                "dbonly": 0.18210365333333334,
                "full_mvc": 0.26752234666666663,
                "full_mvp": 0.4079105333333333,
                "php_mvc": 0.0854186933333333,
                "php_mvp": 0.22580688,
                "mem_mvc": 18432,
                "mem_mvp": 90112
            },
            "T3": {
                "label": "Phân nhóm & Thống kê (GROUP BY typeName)",
                "dbonly": 0.09323156666666667,
                "full_mvc": 0.12966470666666666,
                "full_mvp": 0.13291372666666665,
                "php_mvc": 0.03643313999999999,
                "php_mvp": 0.03968215999999998,
                "mem_mvc": 90112,
                "mem_mvp": 90112
            },
            "T4": {
                "label": "Sắp xếp & Phân trang (ORDER BY + LIMIT\/OFFSET)",
                "dbonly": 0.016304493333333333,
                "full_mvc": 0.018481273333333333,
                "full_mvp": 0.01313458,
                "php_mvc": 0.0021767799999999997,
                "php_mvp": 0,
                "mem_mvc": 90112,
                "mem_mvp": 90112
            }
        }
    },
    "500000": {
        "mock": 500000,
        "total": 500012,
        "iters": 5,
        "seed_ms": 6829.5,
        "tests": {
            "T1": {
                "label": "Tìm kiếm & Lọc (LIKE %A0%)",
                "dbonly": 0.8948208400000001,
                "full_mvc": 0.48475236,
                "full_mvp": 0.47320806,
                "php_mvc": 0,
                "php_mvp": 0,
                "mem_mvc": 22528,
                "mem_mvp": 22528
            },
            "T2": {
                "label": "Render & Định dạng (toàn bộ bản ghi)",
                "dbonly": 1.91298902,
                "full_mvc": 4.50101778,
                "full_mvp": 8.99244688,
                "php_mvc": 2.58802876,
                "php_mvp": 7.07945786,
                "mem_mvc": 155648,
                "mem_mvp": 870400
            },
            "T3": {
                "label": "Phân nhóm & Thống kê (GROUP BY typeName)",
                "dbonly": 1.57100934,
                "full_mvc": 1.50958782,
                "full_mvp": 1.9544267000000002,
                "php_mvc": 0,
                "php_mvp": 0.38341736000000015,
                "mem_mvc": 870400,
                "mem_mvp": 870400
            },
            "T4": {
                "label": "Sắp xếp & Phân trang (ORDER BY + LIMIT\/OFFSET)",
                "dbonly": 0.39485576,
                "full_mvc": 0.4400288,
                "full_mvp": 0.41847148,
                "php_mvc": 0.04517304,
                "php_mvp": 0.023615720000000007,
                "mem_mvc": 870400,
                "mem_mvp": 870400
            }
        }
    }
}