{
    "1000": {
        "mock": 1000,
        "total": 1000,
        "iters": 60,
        "seed_ms": 50.9,
        "tests": {
            "T1": {
                "label": "Tìm kiếm & Lọc (LIKE %A0%)",
                "dbonly": 0.0008324200000000001,
                "full_mvc": 0.0006505133333333333,
                "full_mvp": 0.0005800583333333333,
                "php_mvc": 0,
                "php_mvp": 0,
                "mem_mvc": 2048,
                "mem_mvp": 2048
            },
            "T2": {
                "label": "Render & Định dạng (toàn bộ bản ghi)",
                "dbonly": 0.0019533616666666666,
                "full_mvc": 0.0043507500000000005,
                "full_mvp": 0.004754026666666666,
                "php_mvc": 0.002397388333333334,
                "php_mvp": 0.0028006649999999995,
                "mem_mvc": 2048,
                "mem_mvp": 4096
            },
            "T3": {
                "label": "Phân nhóm & Thống kê (GROUP BY typeName)",
                "dbonly": 0.0019122783333333333,
                "full_mvc": 0.002349241666666667,
                "full_mvp": 0.0019322550000000001,
                "php_mvc": 0.00043696333333333366,
                "php_mvp": 1.9976666666666858e-5,
                "mem_mvc": 4096,
                "mem_mvp": 4096
            },
            "T4": {
                "label": "Sắp xếp & Phân trang (ORDER BY + LIMIT\/OFFSET)",
                "dbonly": 0.00045183833333333335,
                "full_mvc": 0.00047311,
                "full_mvp": 0.00048194333333333335,
                "php_mvc": 2.1271666666666648e-5,
                "php_mvp": 3.0104999999999997e-5,
                "mem_mvc": 4096,
                "mem_mvp": 4096
            }
        }
    },
    "5000": {
        "mock": 5000,
        "total": 5000,
        "iters": 40,
        "seed_ms": 81.1,
        "tests": {
            "T1": {
                "label": "Tìm kiếm & Lọc (LIKE %A0%)",
                "dbonly": 0.002101935,
                "full_mvc": 0.0024526725,
                "full_mvp": 0.0026034075,
                "php_mvc": 0.0003507375,
                "php_mvp": 0.0005014724999999999,
                "mem_mvc": 487424,
                "mem_mvp": 487424
            },
            "T2": {
                "label": "Render & Định dạng (toàn bộ bản ghi)",
                "dbonly": 0.0105809375,
                "full_mvc": 0.0244463325,
                "full_mvp": 0.028732109999999998,
                "php_mvc": 0.013865395,
                "php_mvp": 0.0181511725,
                "mem_mvc": 487424,
                "mem_mvp": 487424
            },
            "T3": {
                "label": "Phân nhóm & Thống kê (GROUP BY typeName)",
                "dbonly": 0.0077711475000000006,
                "full_mvc": 0.0102678575,
                "full_mvp": 0.009012309999999999,
                "php_mvc": 0.002496709999999999,
                "php_mvp": 0.0012411624999999985,
                "mem_mvc": 487424,
                "mem_mvp": 487424
            },
            "T4": {
                "label": "Sắp xếp & Phân trang (ORDER BY + LIMIT\/OFFSET)",
                "dbonly": 0.0015290524999999999,
                "full_mvc": 0.0022545575,
                "full_mvp": 0.0017358675,
                "php_mvc": 0.0007255050000000002,
                "php_mvp": 0.00020681500000000017,
                "mem_mvc": 487424,
                "mem_mvp": 487424
            }
        }
    },
    "50000": {
        "mock": 50000,
        "total": 50000,
        "iters": 15,
        "seed_ms": 413.2,
        "tests": {
            "T1": {
                "label": "Tìm kiếm & Lọc (LIKE %A0%)",
                "dbonly": 0.023406893333333335,
                "full_mvc": 0.026664546666666667,
                "full_mvp": 0.0251117,
                "php_mvc": 0.0032576533333333324,
                "php_mvp": 0.001704806666666666,
                "mem_mvc": 247808,
                "mem_mvp": 247808
            },
            "T2": {
                "label": "Render & Định dạng (toàn bộ bản ghi)",
                "dbonly": 0.11169809333333333,
                "full_mvc": 0.26154198,
                "full_mvp": 0.28861184,
                "php_mvc": 0.14984388666666668,
                "php_mvp": 0.17691374666666668,
                "mem_mvc": 258048,
                "mem_mvp": 258048
            },
            "T3": {
                "label": "Phân nhóm & Thống kê (GROUP BY typeName)",
                "dbonly": 0.06671115333333333,
                "full_mvc": 0.08441755333333334,
                "full_mvp": 0.08894355333333334,
                "php_mvc": 0.01770640000000001,
                "php_mvp": 0.022232400000000013,
                "mem_mvc": 258048,
                "mem_mvp": 258048
            },
            "T4": {
                "label": "Sắp xếp & Phân trang (ORDER BY + LIMIT\/OFFSET)",
                "dbonly": 0.012304466666666668,
                "full_mvc": 0.01217242,
                "full_mvp": 0.012492506666666665,
                "php_mvc": 0,
                "php_mvp": 0.00018803999999999696,
                "mem_mvc": 258048,
                "mem_mvp": 258048
            }
        }
    },
    "500000": {
        "mock": 500000,
        "total": 500000,
        "iters": 5,
        "seed_ms": 4319.2,
        "tests": {
            "T1": {
                "label": "Tìm kiếm & Lọc (LIKE %A0%)",
                "dbonly": 0.71508846,
                "full_mvc": 0.29200499999999996,
                "full_mvp": 0.29232848,
                "php_mvc": 0,
                "php_mvp": 0,
                "mem_mvc": 2048,
                "mem_mvp": 8192
            },
            "T2": {
                "label": "Render & Định dạng (toàn bộ bản ghi)",
                "dbonly": 1.1973200800000001,
                "full_mvc": 2.5885144,
                "full_mvp": 3.7015027799999998,
                "php_mvc": 1.39119432,
                "php_mvp": 2.5041826999999994,
                "mem_mvc": 155648,
                "mem_mvp": 870400
            },
            "T3": {
                "label": "Phân nhóm & Thống kê (GROUP BY typeName)",
                "dbonly": 0.85149922,
                "full_mvc": 0.9995305800000001,
                "full_mvp": 1.0223806400000002,
                "php_mvc": 0.14803136000000006,
                "php_mvp": 0.17088142000000017,
                "mem_mvc": 870400,
                "mem_mvp": 870400
            },
            "T4": {
                "label": "Sắp xếp & Phân trang (ORDER BY + LIMIT\/OFFSET)",
                "dbonly": 0.20843858,
                "full_mvc": 0.20311308,
                "full_mvp": 0.20639601999999999,
                "php_mvc": 0,
                "php_mvp": 0,
                "mem_mvc": 870400,
                "mem_mvp": 870400
            }
        }
    }
}